{
    "carColumns": [
        {
            "columnIndex": "0",
            "pattern": [
                "FOUR_RED","FOUR_GREEN","FOUR_BLUE","FOUR_YELLOW","FOUR_RED",
                "FOUR_GREEN","FOUR_BLUE","FOUR_YELLOW","FOUR_RED","FOUR_GREEN",
                "FOUR_BLUE","FOUR_YELLOW","FOUR_RED","FOUR_GREEN","FOUR_BLUE",
                "FOUR_YELLOW","FOUR_RED","FOUR_GREEN","FOUR_BLUE","FOUR_YELLOW",

                "FOUR_RED","FOUR_GREEN","FOUR_BLUE","FOUR_YELLOW","FOUR_RED",
                "FOUR_GREEN","FOUR_BLUE","FOUR_YELLOW","FOUR_RED","FOUR_GREEN",
                "FOUR_BLUE","FOUR_YELLOW","FOUR_RED","FOUR_GREEN","FOUR_BLUE",
                "FOUR_YELLOW","FOUR_RED","FOUR_GREEN","FOUR_BLUE","FOUR_YELLOW",

                "FOUR_RED","FOUR_GREEN","FOUR_BLUE","FOUR_YELLOW","FOUR_RED",
                "FOUR_GREEN","FOUR_BLUE","FOUR_YELLOW","FOUR_RED","FOUR_GREEN",
                "FOUR_BLUE","FOUR_YELLOW","FOUR_RED","FOUR_GREEN","FOUR_BLUE",
                "FOUR_YELLOW","FOUR_RED","FOUR_GREEN","FOUR_BLUE","FOUR_YELLOW",

                "FOUR_RED","FOUR_GREEN","FOUR_BLUE","FOUR_YELLOW","FOUR_RED",
                "FOUR_GREEN","FOUR_BLUE","FOUR_YELLOW","FOUR_RED","FOUR_GREEN",
                "FOUR_BLUE","FOUR_YELLOW","FOUR_RED","FOUR_GREEN","FOUR_BLUE",
                "FOUR_YELLOW","FOUR_RED","FOUR_GREEN","FOUR_BLUE","FOUR_YELLOW",

                "FOUR_RED","FOUR_GREEN","FOUR_BLUE","FOUR_YELLOW","FOUR_RED",
                "FOUR_GREEN","FOUR_BLUE","FOUR_YELLOW","FOUR_RED","FOUR_GREEN",
                "FOUR_BLUE","FOUR_YELLOW","FOUR_RED","FOUR_GREEN","FOUR_BLUE",
                "FOUR_YELLOW","FOUR_RED","FOUR_GREEN","FOUR_BLUE","FOUR_YELLOW"
            ],
            "indexCount": 0
        },
        {
            "columnIndex": "1",
            "pattern": [
                "FOUR_BLUE","FOUR_RED","FOUR_GREEN","FOUR_YELLOW","FOUR_BLUE",
                "FOUR_RED","FOUR_GREEN","FOUR_YELLOW","FOUR_BLUE","FOUR_RED",
                "FOUR_GREEN","FOUR_YELLOW","FOUR_BLUE","FOUR_RED","FOUR_GREEN",
                "FOUR_YELLOW","FOUR_BLUE","FOUR_RED","FOUR_GREEN","FOUR_YELLOW",

                "FOUR_BLUE","FOUR_RED","FOUR_GREEN","FOUR_YELLOW","FOUR_BLUE",
                "FOUR_RED","FOUR_GREEN","FOUR_YELLOW","FOUR_BLUE","FOUR_RED",
                "FOUR_GREEN","FOUR_YELLOW","FOUR_BLUE","FOUR_RED","FOUR_GREEN",
                "FOUR_YELLOW","FOUR_BLUE","FOUR_RED","FOUR_GREEN","FOUR_YELLOW",

                "FOUR_BLUE","FOUR_RED","FOUR_GREEN","FOUR_YELLOW","FOUR_BLUE",
                "FOUR_RED","FOUR_GREEN","FOUR_YELLOW","FOUR_BLUE","FOUR_RED",
                "FOUR_GREEN","FOUR_YELLOW","FOUR_BLUE","FOUR_RED","FOUR_GREEN",
                "FOUR_YELLOW","FOUR_BLUE","FOUR_RED","FOUR_GREEN","FOUR_YELLOW",

                "FOUR_BLUE","FOUR_RED","FOUR_GREEN","FOUR_YELLOW","FOUR_BLUE",
                "FOUR_RED","FOUR_GREEN","FOUR_YELLOW","FOUR_BLUE","FOUR_RED",
                "FOUR_GREEN","FOUR_YELLOW","FOUR_BLUE","FOUR_RED","FOUR_GREEN",
                "FOUR_YELLOW","FOUR_BLUE","FOUR_RED","FOUR_GREEN","FOUR_YELLOW",

                "FOUR_BLUE","FOUR_RED","FOUR_GREEN","FOUR_YELLOW","FOUR_BLUE",
                "FOUR_RED","FOUR_GREEN","FOUR_YELLOW","FOUR_BLUE","FOUR_RED",
                "FOUR_GREEN","FOUR_YELLOW","FOUR_BLUE","FOUR_RED","FOUR_GREEN",
                "FOUR_YELLOW","FOUR_BLUE","FOUR_RED","FOUR_GREEN","FOUR_YELLOW"
            ],
            "indexCount": 0
        },
        {
            "columnIndex": "2",
            "pattern": [
                "FOUR_GREEN","FOUR_BLUE","FOUR_RED","FOUR_YELLOW","FOUR_GREEN",
                "FOUR_BLUE","FOUR_RED","FOUR_YELLOW","FOUR_GREEN","FOUR_BLUE",
                "FOUR_RED","FOUR_YELLOW","FOUR_GREEN","FOUR_BLUE","FOUR_RED",
                "FOUR_YELLOW","FOUR_GREEN","FOUR_BLUE","FOUR_RED","FOUR_YELLOW",

                "FOUR_GREEN","FOUR_BLUE","FOUR_RED","FOUR_YELLOW","FOUR_GREEN",
                "FOUR_BLUE","FOUR_RED","FOUR_YELLOW","FOUR_GREEN","FOUR_BLUE",
                "FOUR_RED","FOUR_YELLOW","FOUR_GREEN","FOUR_BLUE","FOUR_RED",
                "FOUR_YELLOW","FOUR_GREEN","FOUR_BLUE","FOUR_RED","FOUR_YELLOW",

                "FOUR_GREEN","FOUR_BLUE","FOUR_RED","FOUR_YELLOW","FOUR_GREEN",
                "FOUR_BLUE","FOUR_RED","FOUR_YELLOW","FOUR_GREEN","FOUR_BLUE",
                "FOUR_RED","FOUR_YELLOW","FOUR_GREEN","FOUR_BLUE","FOUR_RED",
                "FOUR_YELLOW","FOUR_GREEN","FOUR_BLUE","FOUR_RED","FOUR_YELLOW",

                "FOUR_GREEN","FOUR_BLUE","FOUR_RED","FOUR_YELLOW","FOUR_GREEN",
                "FOUR_BLUE","FOUR_RED","FOUR_YELLOW","FOUR_GREEN","FOUR_BLUE",
                "FOUR_RED","FOUR_YELLOW","FOUR_GREEN","FOUR_BLUE","FOUR_RED",
                "FOUR_YELLOW","FOUR_GREEN","FOUR_BLUE","FOUR_RED","FOUR_YELLOW",

                "FOUR_GREEN","FOUR_BLUE","FOUR_RED","FOUR_YELLOW","FOUR_GREEN",
                "FOUR_BLUE","FOUR_RED","FOUR_YELLOW","FOUR_GREEN","FOUR_BLUE",
                "FOUR_RED","FOUR_YELLOW","FOUR_GREEN","FOUR_BLUE","FOUR_RED",
                "FOUR_YELLOW","FOUR_GREEN","FOUR_BLUE","FOUR_RED","FOUR_YELLOW"
            ],
            "indexCount": 0
        },
        {
            "columnIndex": "3",
            "pattern": [
                "FOUR_YELLOW","FOUR_RED","FOUR_BLUE","FOUR_GREEN","FOUR_YELLOW",
                "FOUR_RED","FOUR_BLUE","FOUR_GREEN","FOUR_YELLOW","FOUR_RED",
                "FOUR_BLUE","FOUR_GREEN","FOUR_YELLOW","FOUR_RED","FOUR_BLUE",
                "FOUR_GREEN","FOUR_YELLOW","FOUR_RED","FOUR_BLUE","FOUR_GREEN",

                "FOUR_YELLOW","FOUR_RED","FOUR_BLUE","FOUR_GREEN","FOUR_YELLOW",
                "FOUR_RED","FOUR_BLUE","FOUR_GREEN","FOUR_YELLOW","FOUR_RED",
                "FOUR_BLUE","FOUR_GREEN","FOUR_YELLOW","FOUR_RED","FOUR_BLUE",
                "FOUR_GREEN","FOUR_YELLOW","FOUR_RED","FOUR_BLUE","FOUR_GREEN",

                "FOUR_YELLOW","FOUR_RED","FOUR_BLUE","FOUR_GREEN","FOUR_YELLOW",
                "FOUR_RED","FOUR_BLUE","FOUR_GREEN","FOUR_YELLOW","FOUR_RED",
                "FOUR_BLUE","FOUR_GREEN","FOUR_YELLOW","FOUR_RED","FOUR_BLUE",
                "FOUR_GREEN","FOUR_YELLOW","FOUR_RED","FOUR_BLUE","FOUR_GREEN",

                "FOUR_YELLOW","FOUR_RED","FOUR_BLUE","FOUR_GREEN","FOUR_YELLOW",
                "FOUR_RED","FOUR_BLUE","FOUR_GREEN","FOUR_YELLOW","FOUR_RED",
                "FOUR_BLUE","FOUR_GREEN","FOUR_YELLOW","FOUR_RED","FOUR_BLUE",
                "FOUR_GREEN","FOUR_YELLOW","FOUR_RED","FOUR_BLUE","FOUR_GREEN",

                "FOUR_YELLOW","FOUR_RED","FOUR_BLUE","FOUR_GREEN","FOUR_YELLOW",
                "FOUR_RED","FOUR_BLUE","FOUR_GREEN","FOUR_YELLOW","FOUR_RED",
                "FOUR_BLUE","FOUR_GREEN","FOUR_YELLOW","FOUR_RED","FOUR_BLUE",
                "FOUR_GREEN","FOUR_YELLOW","FOUR_RED","FOUR_BLUE","FOUR_GREEN"
            ],
            "indexCount": 0
        },
        {
            "columnIndex": "4",
            "pattern": [
                "FOUR_GREEN","FOUR_YELLOW","FOUR_RED","FOUR_BLUE","FOUR_GREEN",
                "FOUR_YELLOW","FOUR_RED","FOUR_BLUE","FOUR_GREEN","FOUR_YELLOW",
                "FOUR_RED","FOUR_BLUE","FOUR_GREEN","FOUR_YELLOW","FOUR_RED",
                "FOUR_BLUE","FOUR_GREEN","FOUR_YELLOW","FOUR_RED","FOUR_BLUE",

                "FOUR_GREEN","FOUR_YELLOW","FOUR_RED","FOUR_BLUE","FOUR_GREEN",
                "FOUR_YELLOW","FOUR_RED","FOUR_BLUE","FOUR_GREEN","FOUR_YELLOW",
                "FOUR_RED","FOUR_BLUE","FOUR_GREEN","FOUR_YELLOW","FOUR_RED",
                "FOUR_BLUE","FOUR_GREEN","FOUR_YELLOW","FOUR_RED","FOUR_BLUE",

                "FOUR_GREEN","FOUR_YELLOW","FOUR_RED","FOUR_BLUE","FOUR_GREEN",
                "FOUR_YELLOW","FOUR_RED","FOUR_BLUE","FOUR_GREEN","FOUR_YELLOW",
                "FOUR_RED","FOUR_BLUE","FOUR_GREEN","FOUR_YELLOW","FOUR_RED",
                "FOUR_BLUE","FOUR_GREEN","FOUR_YELLOW","FOUR_RED","FOUR_BLUE",

                "FOUR_GREEN","FOUR_YELLOW","FOUR_RED","FOUR_BLUE","FOUR_GREEN",
                "FOUR_YELLOW","FOUR_RED","FOUR_BLUE","FOUR_GREEN","FOUR_YELLOW",
                "FOUR_RED","FOUR_BLUE","FOUR_GREEN","FOUR_YELLOW","FOUR_RED",
                "FOUR_BLUE","FOUR_GREEN","FOUR_YELLOW","FOUR_RED","FOUR_BLUE",

                "FOUR_GREEN","FOUR_YELLOW","FOUR_RED","FOUR_BLUE","FOUR_GREEN",
                "FOUR_YELLOW","FOUR_RED","FOUR_BLUE","FOUR_GREEN","FOUR_YELLOW",
                "FOUR_RED","FOUR_BLUE","FOUR_GREEN","FOUR_YELLOW","FOUR_RED",
                "FOUR_BLUE","FOUR_GREEN","FOUR_YELLOW","FOUR_RED","FOUR_BLUE"
            ],
            "indexCount": 0
        }
    ],
    "passengerColumns": [
        {
            "columnIndex": 0,
            "pattern": [
                "RED","GREEN","BLUE","YELLOW","RED","GREEN","BLUE","YELLOW",
                "RED","GREEN","BLUE","YELLOW","RED","GREEN","BLUE","YELLOW",
                "RED","GREEN","BLUE","YELLOW",

                "RED","GREEN","BLUE","YELLOW","RED","GREEN","BLUE","YELLOW",
                "RED","GREEN","BLUE","YELLOW","RED","GREEN","BLUE","YELLOW",
                "RED","GREEN","BLUE","YELLOW",

                "RED","GREEN","BLUE","YELLOW","RED","GREEN","BLUE","YELLOW",
                "RED","GREEN","BLUE","YELLOW","RED","GREEN","BLUE","YELLOW",
                "RED","GREEN","BLUE","YELLOW",

                "RED","GREEN","BLUE","YELLOW","RED","GREEN","BLUE","YELLOW",
                "RED","GREEN","BLUE","YELLOW","RED","GREEN","BLUE","YELLOW",
                "RED","GREEN","BLUE","YELLOW",

                "RED","GREEN","BLUE","YELLOW","RED","GREEN","BLUE","YELLOW",
                "RED","GREEN","BLUE","YELLOW","RED","GREEN","BLUE","YELLOW",
                "RED","GREEN","BLUE","YELLOW"
            ],
            "indexCount": 0
        },
        {
            "columnIndex": 1,
            "pattern": [
                "BLUE","RED","GREEN","YELLOW","BLUE","RED","GREEN","YELLOW",
                "BLUE","RED","GREEN","YELLOW","BLUE","RED","GREEN","YELLOW",
                "BLUE","RED","GREEN","YELLOW",

                "BLUE","RED","GREEN","YELLOW","BLUE","RED","GREEN","YELLOW",
                "BLUE","RED","GREEN","YELLOW","BLUE","RED","GREEN","YELLOW",
                "BLUE","RED","GREEN","YELLOW",

                "BLUE","RED","GREEN","YELLOW","BLUE","RED","GREEN","YELLOW",
                "BLUE","RED","GREEN","YELLOW","BLUE","RED","GREEN","YELLOW",
                "BLUE","RED","GREEN","YELLOW",

                "BLUE","RED","GREEN","YELLOW","BLUE","RED","GREEN","YELLOW",
                "BLUE","RED","GREEN","YELLOW","BLUE","RED","GREEN","YELLOW",
                "BLUE","RED","GREEN","YELLOW",

                "BLUE","RED","GREEN","YELLOW","BLUE","RED","GREEN","YELLOW",
                "BLUE","RED","GREEN","YELLOW","BLUE","RED","GREEN","YELLOW",
                "BLUE","RED","GREEN","YELLOW"
            ],
            "indexCount": 0
        },
        {
            "columnIndex": 2,
            "pattern": [
                "GREEN","BLUE","RED","YELLOW","GREEN","BLUE","RED","YELLOW",
                "GREEN","BLUE","RED","YELLOW","GREEN","BLUE","RED","YELLOW",
                "GREEN","BLUE","RED","YELLOW",

                "GREEN","BLUE","RED","YELLOW","GREEN","BLUE","RED","YELLOW",
                "GREEN","BLUE","RED","YELLOW","GREEN","BLUE","RED","YELLOW",
                "GREEN","BLUE","RED","YELLOW",

                "GREEN","BLUE","RED","YELLOW","GREEN","BLUE","RED","YELLOW",
                "GREEN","BLUE","RED","YELLOW","GREEN","BLUE","RED","YELLOW",
                "GREEN","BLUE","RED","YELLOW",

                "GREEN","BLUE","RED","YELLOW","GREEN","BLUE","RED","YELLOW",
                "GREEN","BLUE","RED","YELLOW","GREEN","BLUE","RED","YELLOW",
                "GREEN","BLUE","RED","YELLOW",

                "GREEN","BLUE","RED","YELLOW","GREEN","BLUE","RED","YELLOW",
                "GREEN","BLUE","RED","YELLOW","GREEN","BLUE","RED","YELLOW",
                "GREEN","BLUE","RED","YELLOW"
            ],
            "indexCount": 0
        },
        {
            "columnIndex": 3,
            "pattern": [
                "YELLOW","RED","BLUE","GREEN","YELLOW","RED","BLUE","GREEN",
                "YELLOW","RED","BLUE","GREEN","YELLOW","RED","BLUE","GREEN",
                "YELLOW","RED","BLUE","GREEN",

                "YELLOW","RED","BLUE","GREEN","YELLOW","RED","BLUE","GREEN",
                "YELLOW","RED","BLUE","GREEN","YELLOW","RED","BLUE","GREEN",
                "YELLOW","RED","BLUE","GREEN",

                "YELLOW","RED","BLUE","GREEN","YELLOW","RED","BLUE","GREEN",
                "YELLOW","RED","BLUE","GREEN","YELLOW","RED","BLUE","GREEN",
                "YELLOW","RED","BLUE","GREEN",

                "YELLOW","RED","BLUE","GREEN","YELLOW","RED","BLUE","GREEN",
                "YELLOW","RED","BLUE","GREEN","YELLOW","RED","BLUE","GREEN",
                "YELLOW","RED","BLUE","GREEN",

                "YELLOW","RED","BLUE","GREEN","YELLOW","RED","BLUE","GREEN",
                "YELLOW","RED","BLUE","GREEN","YELLOW","RED","BLUE","GREEN",
                "YELLOW","RED","BLUE","GREEN"
            ],
            "indexCount": 0
        }
    ]
}
